{
  "isRaceOn": 1,
  "timeStampMS": 9600390,
  "engineMaxRpm": 11999.9931640625,
  "engineIdleRpm": 1230.46826171875,
  "engineCurrentRpm": 1249.6593017578125,
  "accelerationX": -0.08193539083003998,
  "accelerationY": -0.006228648591786623,
  "accelerationZ": -0.054104067385196686,
  "velocityX": -0.00010406970977783203,
  "velocityY": 0.017499510198831558,
  "velocityZ": 2.684627056121826,
  "angularVelocityX": 0.00013670444604940712,
  "angularVelocityY": -0.00006304196722339839,
  "angularVelocityZ": 0.00039117655251175165,
  "yaw": 0.05633300542831421,
  "pitch": 0.006605830509215593,
  "roll": -0.000671857560519129,
  "normalizedSuspensionTravelFrontLeft": 0.3123217225074768,
  "normalizedSuspensionTravelFrontRight": 0.3130374848842621,
  "normalizedSuspensionTravelRearLeft": 0.2255091667175293,
  "normalizedSuspensionTravelRearRight": 0.2258044332265854,
  "tireSlipRatioFrontLeft": -0.00043949350947514176,
  "tireSlipRatioFrontRight": 0.0002788057317957282,
  "tireSlipRatioRearLeft": 0.00016361426969524473,
  "tireSlipRatioRearRight": -0.0008409158908762038,
  "wheelRotationSpeedFrontLeft": 7.657613277435303,
  "wheelRotationSpeedFrontRight": 7.656307220458984,
  "wheelRotationSpeedRearLeft": 7.606666564941406,
  "wheelRotationSpeedRearRight": 7.609154224395752,
  "wheelOnRumbleStripFrontLeft": 0,
  "wheelOnRumbleStripFrontRight": 0,
  "wheelOnRumbleStripRearLeft": 0,
  "wheelOnRumbleStripRearRight": 0,
  "wheelInPuddleDepthFrontLeft": 0,
  "wheelInPuddleDepthFrontRight": 0,
  "wheelInPuddleDepthRearLeft": 0,
  "wheelInPuddleDepthRearRight": 0,
  "surfaceRumbleFrontLeft": 0,
  "surfaceRumbleFrontRight": 0,
  "surfaceRumbleRearLeft": 0,
  "surfaceRumbleRearRight": 0,
  "tireSlipAngleFrontLeft": 0.002842201851308346,
  "tireSlipAngleFrontRight": -0.0020049524027854204,
  "tireSlipAngleRearLeft": 0.000546963419765234,
  "tireSlipAngleRearRight": -0.0013059999328106642,
  "tireCombinedSlipFrontLeft": 0.002875980921089649,
  "tireCombinedSlipFrontRight": 0.00202424474991858,
  "tireCombinedSlipRearLeft": 0.000570910342503339,
  "tireCombinedSlipRearRight": 0.0015533111291006207,
  "suspensionTravelMetersFrontLeft": -0.00037533044815063477,
  "suspensionTravelMetersFrontRight": -0.00032185763120651245,
  "suspensionTravelMetersRearLeft": -0.00016850978136062622,
  "suspensionTravelMetersRearRight": -0.00014290213584899902,
  "carOrdinal": 3631,
  "carClass": 6,
  "carPerformanceIndex": 999,
  "drivetrainType": 2,
  "numCylinders": 12,
  "carCategory": 26,
  "unknown1": 0,
  "unknown2": 0,
  "positionX": 5693.0673828125,
  "positionY": 104.25682830810547,
  "positionZ": 529.1790771484375,
  "speed": 2.6846837997436523,
  "power": -92.73988342285156,
  "torque": -0.7086254954338074,
  "tireTempFrontLeft": 121.12075805664062,
  "tireTempFrontRight": 120.16671752929688,
  "tireTempRearLeft": 121.37751770019531,
  "tireTempRearRight": 121.37751770019531,
  "boost": -14.699999809265137,
  "fuel": 1,
  "distanceTraveled": 0,
  "bestLap": 0,
  "lastLap": 0,
  "currentLap": 0,
  "currentRaceTime": 47.658790588378906,
  "lapNumber": 0,
  "racePosition": 0,
  "accel": 0,
  "brake": 0,
  "clutch": 0,
  "handBrake": 0,
  "gear": 1,
  "steer": 0,
  "normalizedDrivingLine": 0,
  "normalizedAIBrakeDifference": 0
}